name,owner_names,email,phone,address,category,website,entity_type,sos_status,registered_name,google_maps_url,sos_id
The Chrome Bar Boutique Fitness Studio,,info@thechromebar.com,(615) 291-9959,"2809 Dickerson Pike, Nashville, TN 37207",Fitness Studio,http://www.thechromebar.com/,,,CUSTOMER SUPPORT,https://www.google.com/maps/place/The+Chrome+Bar+Boutique+Fitness+Studio/data=!4m7!3m6!1s0x886466670f910617:0x19622fa2adb4722f!8m2!3d36.2181167!4d-86.7621994!16s%2Fg%2F12hps17v9!19sChIJFwaRD2dmZIgRL3K0raIvYhk,
Studio Novo Nashville: Nashville's Original Lagree Fitness Studio,,info@novonashville.com,(629) 777-2764,"99 White Bridge Rd #202, Nashville, TN 37205",Pilates,http://www.novonashville.com/,,,Secretary of State Tre Hargett,https://www.google.com/maps/place/Studio+Novo+Nashville:+Nashville%27s+Original+Lagree+Fitness+Studio/data=!4m7!3m6!1s0x886463d43af5652f:0x735c22482447c75d!8m2!3d36.131653!4d-86.8581443!16s%2Fg%2F1yghd1dd2!19sChIJL2X1OtRjZIgRXcdHJEgiXHM,
Body & Ballet Co | Balletic Pilates & Barre Fitness,,hello@bodyandballet.co,(615) 877-2226,"702 18th Ave S, Nashville, TN 37203",Pilates,https://www.bodyandballet.co/,,,Secretary of State Tre Hargett,https://www.google.com/maps/place/Body+%26+Ballet+Co+%7C+Balletic+Pilates+%26+Barre+Fitness/data=!4m7!3m6!1s0x8864674d06346bc1:0x5ffad37a085bf69b!8m2!3d36.1509338!4d-86.794039!16s%2Fg%2F11w3m4nwjs!19sChIJwWs0Bk1nZIgRm_ZbCHrT-l8,
Studio Goddess,,help@studiogoddess.com,(615) 200-8591,"914 Buchanan St, Nashville, TN 37208",Fitness Studio,http://www.studiogoddess.com/,,,CUSTOMER SUPPORT,https://www.google.com/maps/place/Studio+Goddess/data=!4m7!3m6!1s0x8864668301cb8927:0x18cfadf96734d2d4!8m2!3d36.180582!4d-86.8027421!16s%2Fg%2F1tdn9dqq!19sChIJJ4nLAYNmZIgR1NI0Z_mtzxg,
Club Pilates,,northgulch@clubpilates.com,(615) 733-8080,"402 11th Ave N, Nashville, TN 37203",Pilates,https://www.clubpilates.com/northgulch/?utm_source=google.com&utm_medium=referral&utm_campaign=yext,,,CUSTOMER SUPPORT,https://www.google.com/maps/place/Club+Pilates/data=!4m7!3m6!1s0x8864674cfeb7d637:0x1f7dc0ff3cc86351!8m2!3d36.1626!4d-86.79058!16s%2Fg%2F11gr63wqzs!19sChIJN9a3_kxnZIgRUWPIPP_AfR8,
Studio Pilates International Sylvan Park,,,(615) 948-1927,"405 40th Ave N, Nashville, TN 37209",Pilates,https://www.studiopilates.com/studios/sylvan-park/,,,CUSTOMER SUPPORT,https://www.google.com/maps/place/Studio+Pilates+International+Sylvan+Park/data=!4m7!3m6!1s0x886461099287989d:0x5b90bf9e701dbedd!8m2!3d36.1531596!4d-86.835003!16s%2Fg%2F11w260ytp9!19sChIJnZiHkglhZIgR3b4dcJ6_kFs,
SESSION Pilates - Green Hills,,,(615) 761-8922,"2109 Abbott Martin Rd ste 3 4, Nashville, TN 37215",Pilates,https://sessionpilates.com/,,,Secretary of State Tre Hargett,https://www.google.com/maps/place/SESSION+Pilates+-+Green+Hills/data=!4m7!3m6!1s0x8864656ea647dd07:0x4be1477958c777f7!8m2!3d36.1056488!4d-86.8157324!16s%2Fg%2F11wj5r2qwh!19sChIJB91Hpm5lZIgR93fHWHlH4Us,
Somos Pilates Nashville,,hello@somospilatesnashville.com,(615) 712-9623,"4900 Centennial Blvd Suite 103, Nashville, TN 37209",Pilates,http://somospilatesnashville.com/,,,Secretary of State Tre Hargett,https://www.google.com/maps/place/Somos+Pilates+Nashville/data=!4m7!3m6!1s0x886461ff32b1e593:0xb94b0502066682bc!8m2!3d36.1626681!4d-86.8469183!16s%2Fg%2F11qws4wl_j!19sChIJk-WxMv9hZIgRvIJmBgIFS7k,
Rhoë Pilates,,info@rhoepilates.com,(629) 800-1226,"5300 Centennial Blvd #204, Nashville, TN 37209",Pilates,https://www.rhoepilates.com/,,,Secretary of State Tre Hargett,https://www.google.com/maps/place/Rho%C3%AB+Pilates/data=!4m7!3m6!1s0x8864610de8fa15c5:0x7a9c7463cb134bbb!8m2!3d36.1642188!4d-86.8512066!16s%2Fg%2F11ys45wxyp!19sChIJxRX66A1hZIgRu0sTy2N0nHo,
The Pilates Garage,,kate@pilatesgaragenashville.com,,"2106A Acklen Ave, Nashville, TN 37212",Pilates,http://pilatesgaragenashville.com/,,,Secretary of State Tre Hargett,https://www.google.com/maps/place/The+Pilates+Garage/data=!4m7!3m6!1s0x8864669f86e8d3a7:0xc98807dd9582bd8b!8m2!3d36.1357873!4d-86.801606!16s%2Fg%2F11bylc6wb9!19sChIJp9Pohp9mZIgRi72Cld0HiMk,
TREMBLE,,user@domain.com,(615) 724-7820,"1011 17th Ave S, Nashville, TN 37212",Pilates,https://www.makeittremble.com/nashville,,,Secretary of State Tre Hargett,https://www.google.com/maps/place/TREMBLE/data=!4m7!3m6!1s0x8864673dbd06a03b:0xcf2b8b4b838926e2!8m2!3d36.1460984!4d-86.794321!16s%2Fg%2F11wbg49vcz!19sChIJO6AGvT1nZIgR4iaJg0uLK88,
Frame Pilates,,contact@mysite.com,(615) 205-9626,"4219 Hillsboro Pike Suite 103, Nashville, TN 37215",Pilates,https://www.framepilatesnashville.com/,,,CUSTOMER SUPPORT,https://www.google.com/maps/place/Frame+Pilates/data=!4m7!3m6!1s0x88646517415fa963:0x8910dacb682a7de7!8m2!3d36.1002538!4d-86.820155!16s%2Fg%2F11v66yk1cs!19sChIJY6lfQRdlZIgR530qaMvaEIk,
Willow Pilates Studio,,manager@willow-studio.com,(615) 297-7117,"2000 Glen Echo Rd Suite 204A, Nashville, TN 37215",Pilates,http://www.willow-studio.com/,,,Secretary of State Tre Hargett,https://www.google.com/maps/place/Willow+Pilates+Studio/data=!4m7!3m6!1s0x8864647130595453:0x527354a4cfd62cfd!8m2!3d36.1087706!4d-86.8108148!16s%2Fg%2F1td6szfl!19sChIJU1RZMHFkZIgR_SzWz6RUc1I,
True Form Fitness: A Lagree Studio,,info@trueformfitness.org,(615) 432-6902,"4 City Blvd #106, Nashville, TN 37209",Pilates,https://www.trueformfitness.org/,,,CUSTOMER SUPPORT,https://www.google.com/maps/place/True+Form+Fitness:+A+Lagree+Studio/data=!4m7!3m6!1s0x886467f558972abf:0x1cc2bcd11dd65cbf!8m2!3d36.1516557!4d-86.8200199!16s%2Fg%2F11vwl828f2!19sChIJvyqXWPVnZIgRv1zWHdG8whw,
BODYROK Pilates- Sylvan Supply,,info@bodyrok.com,(615) 802-0166,"4105 Charlotte Ave, Nashville, TN 37209",Pilates,http://www.bodyrok.com/,,,CUSTOMER SUPPORT,https://www.google.com/maps/place/BODYROK+Pilates-+Sylvan+Supply/data=!4m7!3m6!1s0x8864614d4512e17d:0x2c0abf96e961798d!8m2!3d36.1519533!4d-86.8364075!16s%2Fg%2F11vf1pddpt!19sChIJfeESRU1hZIgRjXlh6Za_Ciw,
Contrast Club,,info@contrastclubnashville.com,,"2203 Bandywood Dr, Nashville, TN 37215",,https://contrastclubnashville.com/,,,CUSTOMER SUPPORT,https://www.google.com/maps/place/Contrast+Club/data=!4m7!3m6!1s0x886465eaf639cdb9:0x62c211b1f929c936!8m2!3d36.104381!4d-86.816664!16s%2Fg%2F11xkwjk2tj!19sChIJuc059uplZIgRNskp-bERwmI,
Hot Yoga Nashville,,contact@hotyoganashville.co,(615) 678-1374,"4920 Charlotte Ave, Nashville, TN 37209",Yoga,https://www.hotyoganashville.co/,,,CUSTOMER SUPPORT,https://www.google.com/maps/place/Hot+Yoga+Nashville/data=!4m7!3m6!1s0x8864616bf597e805:0xeef0722a36bb09b7!8m2!3d36.1521522!4d-86.8470962!16s%2Fg%2F1tf61071!19sChIJBeiX9WthZIgRtwm7Nipy8O4,
Fahrenheit Yoga,,info@fahrenheityogastudio.com,(615) 915-1716,"2909 12th Ave S, Nashville, TN 37204",Yoga,https://www.fahrenheityogastudio.com/,,,Secretary of State Tre Hargett,https://www.google.com/maps/place/Fahrenheit+Yoga/data=!4m7!3m6!1s0x88647b5139935ce9:0xe630c685ffadb793!8m2!3d36.1207604!4d-86.7907589!16s%2Fg%2F1tf323d8!19sChIJ6VyTOVF7ZIgRk7et_4XGMOY,
Bend and Zen Hot Yoga Nashville,,nashville@bendandzennashville.com,(615) 750-5067,"3820 Charlotte Ave Ste #150, Nashville, TN 37209",Yoga,https://nashville.bendandzenhotyoga.com/,,,Secretary of State Tre Hargett,https://www.google.com/maps/place/Bend+and+Zen+Hot+Yoga+Nashville/data=!4m7!3m6!1s0x88646176c52ff737:0x825cb421a5609ab4!8m2!3d36.1530969!4d-86.8325128!16s%2Fg%2F11fpgykypx!19sChIJN_cvxXZhZIgRtJpgpSG0XII,
Sanctuary for Yoga | Nashville Yoga Studio,,info@sanctuaryforyoga.com,(615) 297-8797,"21 White Bridge Rd Suite 210, Nashville, TN 37205",Yoga,https://www.sanctuaryforyoga.com/,,,Secretary of State Tre Hargett,https://www.google.com/maps/place/Sanctuary+for+Yoga+%7C+Nashville+Yoga+Studio/data=!4m7!3m6!1s0x8864646e27c47b8f:0xfb271465c3af6e0a!8m2!3d36.1280477!4d-86.853315!16s%2Fg%2F1tddyhq7!19sChIJj3vEJ25kZIgRCm6vw2UUJ_s,
Highland Yoga - Music Row,,605a7baede844d278b89dc95ae0a9123@sentry-next.wixpress.com,(615) 835-2938,"827 19th Ave S STE 1050, Nashville, TN 37203",Yoga,https://www.highland-yoga.com/,,,CUSTOMER SUPPORT,https://www.google.com/maps/place/Highland+Yoga+-+Music+Row/data=!4m7!3m6!1s0x886467b19a3c9351:0x8b58dcc121e24db1!8m2!3d36.1488647!4d-86.7962455!16s%2Fg%2F11vrgxd85_!19sChIJUZM8mrFnZIgRsU3iIcHcWIs,
Shakti Power Yoga,,info@shaktiyoganashville.com,(615) 942-8100,"65 Music Square E, Nashville, TN 37203",Yoga,http://www.shaktiyoganashville.com/,,,CUSTOMER SUPPORT,https://www.google.com/maps/place/Shakti+Power+Yoga/data=!4m7!3m6!1s0x88646691ccaceca1:0x32f397f8fd49d345!8m2!3d36.1470436!4d-86.7927605!16s%2Fg%2F11xy8z20p!19sChIJoeyszJFmZIgRRdNJ_fiX8zI,
Small World Yoga,,info@smallworldyoga.org,(615) 784-9642,"1119 12th Ave S, Nashville, TN 37203",Yoga,https://www.smallworldyoga.org/,,,CUSTOMER SUPPORT,https://www.google.com/maps/place/Small+World+Yoga/data=!4m7!3m6!1s0x8864669c3eb26817:0xd2d28b54eef6a112!8m2!3d36.1435369!4d-86.787603!16s%2Fg%2F11ggvwv58l!19sChIJF2iyPpxmZIgREqH27lSL0tI,
Studio Fire Nashville,,user@domain.com,(615) 234-9775,"1004 Division St, Nashville, TN 37203",Pilates,https://studiofirefitness.com/,,,Secretary of State Tre Hargett,https://www.google.com/maps/place/Studio+Fire+Nashville/data=!4m7!3m6!1s0x88646759a4c04d2d:0xe3792889babd9e4!8m2!3d36.1510818!4d-86.7828586!16s%2Fg%2F11xmynglg9!19sChIJLU3ApFlnZIgR5Nmrm4iSNw4,
Nashville Yoga Co,,user@domain.com,(615) 928-7424,"6031 TN-100, Nashville, TN 37205",Yoga,https://nashvilleyogaco.com/,,,CUSTOMER SUPPORT,https://www.google.com/maps/place/Nashville+Yoga+Co/data=!4m7!3m6!1s0x8864625a07cc4ab7:0xb0fe960da2f6b8f!8m2!3d36.0974493!4d-86.8721586!16s%2Fg%2F11bw64pk8k!19sChIJt0rMB1piZIgRj2sv2mDpDws,
NuPower Yoga+Barre,,hello@nupoweryogabarre.com,(615) 200-0826,"2218 8th Ave S, Nashville, TN 37204",Yoga,http://nupoweryogabarre.com/,,,CUSTOMER SUPPORT,https://www.google.com/maps/place/NuPower+Yoga%2BBarre/data=!4m7!3m6!1s0x886466421e8922e1:0xea4490ab330daaaa!8m2!3d36.129231!4d-86.7776201!16s%2Fg%2F11f4pfrb70!19sChIJ4SKJHkJmZIgRqqoNM6uQROo,
Hot Yoga of East Nashville,,user@domain.com,,"807 Main St, Nashville, TN 37206",Yoga,https://www.hotyogaofeastnashville.com/,,,Secretary of State Tre Hargett,https://www.google.com/maps/place/Hot+Yoga+of+East+Nashville/data=!4m7!3m6!1s0x88646634aca7d339:0x28f9502d3dc928cb!8m2!3d36.1758422!4d-86.7583613!16s%2Fg%2F1q62dtdsl!19sChIJOdOnrDRmZIgRyyjJPS1Q-Sg,
Chestnut Hill Yoga - The Iyengar Yoga Center of Nashville,,user@domain.com,,"1106 3rd Ave S, Nashville, TN 37210",Yoga,http://www.chestnuthillyoga.com/,,,Secretary of State Tre Hargett,https://www.google.com/maps/place/Chestnut+Hill+Yoga+-+The+Iyengar+Yoga+Center+of+Nashville/data=!4m7!3m6!1s0x886464303b1bc8a3:0x109691b7692f31eb!8m2!3d36.1465435!4d-86.7662262!16s%2Fg%2F1tfbtm6z!19sChIJo8gbOzBkZIgR6zEvabeRlhA,
barre3,,nashville@barre3.com,(615) 679-9423,"17 Josephine Holloway Ave, Nashville, TN 37203",Pilates,http://barre3.com/studio-locations/nashville-gulch,,,Secretary of State Tre Hargett,https://www.google.com/maps/place/barre3/data=!4m7!3m6!1s0x8864668b06772a3f:0xd29d18c58c6c3f24!8m2!3d36.1646194!4d-86.7928003!16s%2Fg%2F11bbrjlxp5!19sChIJPyp3BotmZIgRJD9sjMUYndI,
Pure Barre,,thegulch@purebarre.com,(615) 603-8335,"228 11th Ave S, Nashville, TN 37203",Pilates,https://www.purebarre.com/location/nashville-the-gulch-tn,,,Secretary of State Tre Hargett,https://www.google.com/maps/place/Pure+Barre/data=!4m7!3m6!1s0x8864668b2d41ecb5:0x9aff9abe8c51d046!8m2!3d36.1540958!4d-86.7840161!16s%2Fg%2F11cn_kcz4s!19sChIJtexBLYtmZIgRRtBRjL6a_5o,
The Pilates Barr,,info@thepilatesbarr.com,,"1121 63rd Ave N, Nashville, TN 37209",Pilates,https://thepilatesbarr.com/,,,Secretary of State Tre Hargett,https://www.google.com/maps/place/The+Pilates+Barr/data=!4m7!3m6!1s0x88646127839935e5:0x48813005ac9110cd!8m2!3d36.1678067!4d-86.8640095!16s%2Fg%2F11ywlk6tbj!19sChIJ5TWZgydhZIgRzRCRrAUwgUg,
MPower Nashville + A Lagree Studio,,user@domain.com,(615) 964-7395,"1610 54th Ave N Suite 135, Nashville, TN 37209",Pilates,https://www.mpowerbhm.com/,,,CUSTOMER SUPPORT,https://www.google.com/maps/place/MPower+Nashville+%2B+A+Lagree+Studio/data=!4m7!3m6!1s0x8864612310c54057:0x115869e7712e69ae!8m2!3d36.1648025!4d-86.8528366!16s%2Fg%2F11mct_898_!19sChIJV0DFECNhZIgRrmkucedpWBE,
WundaBar Pilates - Nashville,,user@domain.com,(615) 622-4142,"6027 TN-100, Nashville, TN 37205",Pilates,https://www.wundabar.com/nashville,,,Secretary of State Tre Hargett,https://www.google.com/maps/place/WundaBar+Pilates+-+Nashville/data=!4m7!3m6!1s0x88646342aac42bbf:0x2997720e14527f6d!8m2!3d36.0976453!4d-86.8719411!16s%2Fg%2F11t_tjwycn!19sChIJvyvEqkJjZIgRbX9SFA5ylyk,
CrossFit Nashville,,info@crossfitnashville.com,(615) 437-6319,"1404 51st Ave N, Nashville, TN 37209",CrossFit,http://www.crossfitnashville.com/,,,Secretary of State Tre Hargett,https://www.google.com/maps/place/CrossFit+Nashville/data=!4m7!3m6!1s0x886465b4a54fb065:0x5990ae3305ddc2ec!8m2!3d36.1628254!4d-86.847667!16s%2Fg%2F1hc6bcng0!19sChIJZbBPpbRlZIgR7MLdBTOukFk,
CrossFit Music City,,,(615) 378-5541,"1121 12th Ave S, Nashville, TN 37203",CrossFit,http://cfmusiccity.com/,,,Secretary of State Tre Hargett,https://www.google.com/maps/place/CrossFit+Music+City/data=!4m7!3m6!1s0x88646661ba350d89:0x97e3434a6b3acee6!8m2!3d36.1434802!4d-86.7878581!16s%2Fg%2F1q6j28kqf!19sChIJiQ01umFmZIgR5s46a0pD45c,
CROSSFIT PRVN NASHVILLE,,prvnnashville@prvnfitness.com,(615) 880-9377,"2600 Fessey Park Rd, Nashville, TN 37204",CrossFit,https://prvnnashville.com/,,,Secretary of State Tre Hargett,https://www.google.com/maps/place/CROSSFIT+PRVN+NASHVILLE/data=!4m7!3m6!1s0x886465bfbc70abe3:0xe568a25f38d777df!8m2!3d36.121544!4d-86.7703169!16s%2Fg%2F11y2dnkb48!19sChIJ46twvL9lZIgR33fXOF-iaOU,
Fit Factory Nashville,,info@fitfactorynashville.com,(615) 657-9653,"207 Mcmillin St, Nashville, TN 37203",HIIT,http://www.fitfactorynashville.com/,,,CUSTOMER SUPPORT,https://www.google.com/maps/place/Fit+Factory+Nashville/data=!4m7!3m6!1s0x886466ed03cd9f69:0xe993fdf0132b75a5!8m2!3d36.1576073!4d-86.7942365!16s%2Fg%2F11btxkx2xc!19sChIJaZ_NA-1mZIgRpXUrE_D9k-k,
Alchemy Fitness & Health,,,(615) 426-5440,"203 Reidhurst Ave, Nashville, TN 37203",CrossFit,http://alchemyfit.life/,,,Secretary of State Tre Hargett,https://www.google.com/maps/place/Alchemy+Fitness+%26+Health/data=!4m7!3m6!1s0x886466afdc97fddf:0x762135d6aef9396a!8m2!3d36.1485485!4d-86.8082245!16s%2Fg%2F12qfmnc6l!19sChIJ3_2X3K9mZIgRajn5rtY1IXY,
CrossFit Forte,,evan@crossfitforte.com,(615) 669-9341,"930 Rep. John Lewis Way S, Nashville, TN 37203",CrossFit,http://www.crossfitforte.com/,,,CUSTOMER SUPPORT,https://www.google.com/maps/place/CrossFit+Forte/data=!4m7!3m6!1s0x88646666cb0f65c5:0x2d54ddb4ce742fc7!8m2!3d36.1486608!4d-86.7703399!16s%2Fg%2F1hdz_vlfw!19sChIJxWUPy2ZmZIgRxy90zrTdVC0,
Crossfit East Nashville,,team@crossfiteastnashville.com,(615) 578-1172,"400 Davidson St, Nashville, TN 37213",CrossFit,http://www.crossfiteastnashville.com/,,,Secretary of State Tre Hargett,https://www.google.com/maps/place/Crossfit+East+Nashville/data=!4m7!3m6!1s0x8864664750d6cbd5:0x59a8e3c5a6fec2ea!8m2!3d36.1602568!4d-86.7633137!16s%2Fg%2F11gc61yf88!19sChIJ1cvWUEdmZIgR6sL-psXjqFk,
CrossFit Breakthrough,,,(615) 392-6464,"5402 Charlotte Ave, Nashville, TN 37209",CrossFit,http://crossfitbreakthrough.com/,,,Secretary of State Tre Hargett,https://www.google.com/maps/place/CrossFit+Breakthrough/data=!4m7!3m6!1s0x886461722142a8c7:0xd83a017ed5183bd9!8m2!3d36.1525487!4d-86.8535955!16s%2Fg%2F12cnx_hhd!19sChIJx6hCIXJhZIgR2TsY1X4BOtg,
H Dub Athletics,,,(865) 323-3645,"1036 3rd Ave S, Nashville, TN 37210",CrossFit,http://www.hdubathletics.com/,,,Secretary of State Tre Hargett,https://www.google.com/maps/place/H+Dub+Athletics/data=!4m7!3m6!1s0x8864666c20b8a30d:0x25cf0637757cd02b!8m2!3d36.1473781!4d-86.7668102!16s%2Fg%2F11c1dx567v!19sChIJDaO4IGxmZIgRK9B8dTcGzyU,
Pro Vita,,info@provitanashville.com,(615) 214-3434,"1329 6th Ave N, Nashville, TN 37208",CrossFit,http://provitanashville.com/,,,CUSTOMER SUPPORT,https://www.google.com/maps/place/Pro+Vita/data=!4m7!3m6!1s0x88646702b1ddc24f:0x3d8c863bfc9eca0a!8m2!3d36.1778153!4d-86.7914382!16s%2Fg%2F11b6nwp56v!19sChIJT8LdsQJnZIgRCsqe_DuGjD0,
Fuse Fitness,,,(615) 669-5803,"1613 Hayes St, Nashville, TN 37203",Gym,http://www.hayesstreetfitness.com/,,,CUSTOMER SUPPORT,https://www.google.com/maps/place/Fuse+Fitness/data=!4m7!3m6!1s0x88646726b1123b39:0x18266fddf6ef983d!8m2!3d36.1549406!4d-86.7946036!16s%2Fg%2F11syytdh55!19sChIJOTsSsSZnZIgRPZjv9t1vJhg,
CrossFit West Nashville,,,(615) 436-0984,"7103 B Hwy 70 S, Nashville, TN 37221",CrossFit,http://www.crossfitwestnashville.com/,,,Secretary of State Tre Hargett,https://www.google.com/maps/place/CrossFit+West+Nashville/data=!4m7!3m6!1s0x8864884034492ce5:0x33a2ba1c257520d9!8m2!3d36.0736127!4d-86.9217758!16s%2Fg%2F124sw_2mf!19sChIJ5SxJNECIZIgR2SB1JRy6ojM,
CrossFit Solid Orange,,crossfit.solid.orange@gmail.com,(615) 314-4471,"403 Harding Industrial Dr, Nashville, TN 37211",CrossFit,https://crossfitsolidorange.com/,,,Secretary of State Tre Hargett,https://www.google.com/maps/place/CrossFit+Solid+Orange/data=!4m7!3m6!1s0x88646e40326980ef:0x7804d93b9b79e70e!8m2!3d36.0893982!4d-86.6895998!16s%2Fg%2F11c45mgn65!19sChIJ74BpMkBuZIgRDud5mzvZBHg,
Rising Sun Community Fitness,,kyle@risingsuncommunityfitness.com,(615) 444-5938,"1056 E Trinity Ln Suite 104, Nashville, TN 37216",CrossFit,https://www.risingsuncommunityfitness.com/,,,CUSTOMER SUPPORT,https://www.google.com/maps/place/Rising+Sun+Community+Fitness/data=!4m7!3m6!1s0x886468067ceb757f:0x5699adb8e226428d!8m2!3d36.2031849!4d-86.7414621!16s%2Fg%2F11cn9q3xqc!19sChIJf3XrfAZoZIgRjUIm4ritmVY,
MADabolic Nashville,,nashville@madabolic.com,(615) 878-3345,"715 Craighead St, Nashville, TN 37204",CrossFit,https://madabolic.com/location/nashville,,,Secretary of State Tre Hargett,https://www.google.com/maps/place/MADabolic+Nashville/data=!4m7!3m6!1s0x88646520d8cfcad9:0xd3625de85750598f!8m2!3d36.1260148!4d-86.7760617!16s%2Fg%2F11sg6bq96l!19sChIJ2crP2CBlZIgRj1lQV-hdYtM,
"Iron Tribe Fitness - Belle Meade - Gym, Personal Training",,,(615) 979-3959,"5135 Harding Pike, Nashville, TN 37205",CrossFit,https://irontribefitness.com/location/belle-meade/,,,Secretary of State Tre Hargett,"https://www.google.com/maps/place/Iron+Tribe+Fitness+-+Belle+Meade+-+Gym,+Personal+Training/data=!4m7!3m6!1s0x8864624e2edd7ec1:0x429dea46e97f1937!8m2!3d36.1033658!4d-86.8693078!16s%2Fg%2F124sq0vkl!19sChIJwX7dLk5iZIgRNxl_6UbqnUI",
Whole Strength CrossFit & Nutrition,,coachingstaff@wholestrengthcrossfit.com,(615) 757-9030,"15123 Old Hickory Blvd, Nashville, TN 37211",CrossFit,http://wholestrengthcrossfit.com/,,,Secretary of State Tre Hargett,https://www.google.com/maps/place/Whole+Strength+CrossFit+%26+Nutrition/data=!4m7!3m6!1s0x88646fd8bcadab0f:0xc4bad46a0b448891!8m2!3d36.0444019!4d-86.7163137!16s%2Fg%2F11b709v21q!19sChIJD6utvNhvZIgRkYhEC2rUusQ,
"ISI Elite Training - Nashville Nations, TN",,nashville.nations@isielitetraining.com,(615) 336-8832,"4840 Centennial Blvd #102, Nashville, TN 37209",Gym,https://www.isielitetraining.com/isi-location/nashville-nations,,,Secretary of State Tre Hargett,"https://www.google.com/maps/place/ISI+Elite+Training+-+Nashville+Nations,+TN/data=!4m7!3m6!1s0x88646173860c22cd:0xdf4803033295017a!8m2!3d36.1628259!4d-86.8462394!16s%2Fg%2F11rgspzr2_!19sChIJzSIMhnNhZIgRegGVMgMDSN8",
CHLKDUP Training Grounds,,greg@chlkdup.com,(281) 615-3432,"3307 Charlotte Ave C, Nashville, TN 37209",CrossFit,http://chlkdup.com/,,,Secretary of State Tre Hargett,https://www.google.com/maps/place/CHLKDUP+Training+Grounds/data=!4m7!3m6!1s0x8864614b0ecd2735:0x340772244bc556a7!8m2!3d36.1523999!4d-86.8242315!16s%2Fg%2F11b88pdc8q!19sChIJNSfNDkthZIgRp1bFSyRyBzQ,
Carbon Performance | Nashville,,,(615) 614-8627,"5300 Centennial Blvd #205, Nashville, TN 37209",CrossFit,https://carbonperformance.com/,,,Secretary of State Tre Hargett,https://www.google.com/maps/place/Carbon+Performance+%7C+Nashville/data=!4m7!3m6!1s0x8864615947fea93f:0xda164bd61ab5561d!8m2!3d36.1643248!4d-86.851086!16s%2Fg%2F11l6lg6j8h!19sChIJP6n-R1lhZIgRHVa1GtZLFto,
CrossFit Trivium Nippers Corner,,,(315) 525-4009,"5714 Edmondson Pike, Nashville, TN 37211",Yoga,http://www.crossfittrivium.com/,,,CUSTOMER SUPPORT,https://www.google.com/maps/place/CrossFit+Trivium+Nippers+Corner/data=!4m7!3m6!1s0x88647aa9dfeec739:0x3962b47599865649!8m2!3d36.038535!4d-86.742408!16s%2Fg%2F1pzs4d3lb!19sChIJOcfu36l6ZIgRSVaGmXW0Yjk,
A | Train Fitness Coaching,,user@domain.com,(615) 866-1647,"3110 Hillcrest Pl, Nashville, TN 37203",Personal Training,https://www.atrainfitnesscoaching.com/,,,Secretary of State Tre Hargett,https://www.google.com/maps/place/A+%7C+Train+Fitness+Coaching/data=!4m7!3m6!1s0x886467c03a3e5a7b:0x6818d2d37260f093!8m2!3d36.1420168!4d-86.8179761!16s%2Fg%2F11jww5s6yc!19sChIJe1o-OsBnZIgRk_BgctPSGGg,
D1 Training West Nashville,,d1westnashville@d1training.com,(615) 637-8511,"2 City Blvd, Nashville, TN 37209",Gym,https://www.d1training.com/west-nashville/,,,Secretary of State Tre Hargett,https://www.google.com/maps/place/D1+Training+West+Nashville/data=!4m7!3m6!1s0x8864670d54aa48f1:0xc2d37c4a0ca6bac3!8m2!3d36.1523924!4d-86.8190909!16s%2Fg%2F11jh5wvytp!19sChIJ8UiqVA1nZIgRw7qmDEp808I,
HOTBOX Fitness Nashville,,nashville@hotbox.fitness,(615) 881-5795,"1006 Nelson Merry St, Nashville, TN 37203",Yoga,https://www.hotbox.fitness/,,,Secretary of State Tre Hargett,https://www.google.com/maps/place/HOTBOX+Fitness+Nashville/data=!4m7!3m6!1s0x886466f4aca0b48d:0x476b2619bbcf68b0!8m2!3d36.1640873!4d-86.7905729!16s%2Fg%2F12hll90gb!19sChIJjbSgrPRmZIgRsGjPuxkma0c,
CrossFit Donelson,,spencer@crossfitdonelson.com,(615) 400-1296,"219 Shady Grove Rd, Nashville, TN 37214",CrossFit,http://crossfitdonelson.com/,,,Secretary of State Tre Hargett,https://www.google.com/maps/place/CrossFit+Donelson/data=!4m7!3m6!1s0x886469d0f596a4fb:0x8aa299d66b6affd8!8m2!3d36.1715506!4d-86.6731145!16s%2Fg%2F11h4zqtqlb!19sChIJ-6SW9dBpZIgR2P9qa9aZooo,
Takes 2 Fitness - Music Row,,,(615) 313-0016,"1600 Division St # 240, Nashville, TN 37203",Gym,,,,Secretary of State Tre Hargett,https://www.google.com/maps/place/Takes+2+Fitness+-+Music+Row/data=!4m7!3m6!1s0x886466927d5f385b:0x687387087c507c4b!8m2!3d36.152455!4d-86.792311!16s%2Fg%2F1thl1lp1!19sChIJWzhffZJmZIgRS3xQfAiHc2g,
STEPS Fitness,,,(615) 269-8844,"2424 21st Ave S #100, Nashville, TN 37212",Cycling,http://www.stepsfitness.com/,,,CUSTOMER SUPPORT,https://www.google.com/maps/place/STEPS+Fitness/data=!4m7!3m6!1s0x88646418fd8ded79:0x1f5e478507cb220a!8m2!3d36.1262354!4d-86.804392!16s%2Fg%2F119w753yq!19sChIJee2N_RhkZIgRCiLLB4VHXh8,
Basics and Beyond fitness & nutrition,,defigio@gettingfit.com,(615) 442-7700,"2424 21st Ave S Suite #104, Nashville, TN 37212",Personal Training,https://gettingfit.com/,,,Secretary of State Tre Hargett,https://www.google.com/maps/place/Basics+and+Beyond+fitness+%26+nutrition/data=!4m7!3m6!1s0x88646418fd8ded79:0x369548be31165a2a!8m2!3d36.1260948!4d-86.8043856!16s%2Fg%2F1tlnf57w!19sChIJee2N_RhkZIgRKloWMb5IlTY,
Roots Fitness,,astigma@astigmatic.com,(601) 218-8555,"3706 Hillsboro Pike Ste 3, Nashville, TN 37215",Personal Training,http://trainrootsfitness.com/,,,Secretary of State Tre Hargett,https://www.google.com/maps/place/Roots+Fitness/data=!4m7!3m6!1s0x88646764d0301e43:0x4c4ef145ea9c4cf6!8m2!3d36.1097738!4d-86.8110045!16s%2Fg%2F11fp3qqv_6!19sChIJQx4w0GRnZIgR9kyc6kXxTkw,
STRIDE Fitness,,carmelmountainranch@stridefitness.com,(615) 454-6956,"3415 Murphy Rd, Nashville, TN 37203",Barre,https://www.stridefitness.com/location/stride-west-end?utm_source=gbp&utm_medium=yext,,,CUSTOMER SUPPORT,https://www.google.com/maps/place/STRIDE+Fitness/data=!4m7!3m6!1s0x886467ebb4802c83:0xc6ddd5717908148c!8m2!3d36.1392947!4d-86.8205624!16s%2Fg%2F11q4j6njb8!19sChIJgyyAtOtnZIgRjBQIeXHV3cY,
Integra Fitness,,dylan@integrafitnessnashville.com,(615) 487-6163,"2141 Bandywood Dr, Nashville, TN 37215",Personal Training,https://integrafitnessnashville.com/,,,CUSTOMER SUPPORT,https://www.google.com/maps/place/Integra+Fitness/data=!4m7!3m6!1s0x8864897d337624cb:0x43bb10553463b5a!8m2!3d36.1043232!4d-86.8161452!16s%2Fg%2F11qmc4yh8_!19sChIJyyR2M32JZIgRWjtGUwWxOwQ,
Next Level Fitness,,info@nextlevelfitness.com,(615) 329-2747,"63 Hart St, Nashville, TN 37210",Personal Training,http://www.nextlevelfitness.com/,,,Secretary of State Tre Hargett,https://www.google.com/maps/place/Next+Level+Fitness/data=!4m7!3m6!1s0x886466951aea09c1:0x590d45af2790cf89!8m2!3d36.1417493!4d-86.758105!16s%2Fg%2F11g_8bwsr!19sChIJwQnqGpVmZIgRic-QJ69FDVk,
Takes 2 Fitness LLC,,,(615) 727-0012,"3102 West End Ave #125, Nashville, TN 37203",Personal Training,,,,Secretary of State Tre Hargett,https://www.google.com/maps/place/Takes+2+Fitness+LLC/data=!4m7!3m6!1s0x886466ae0a83d07b:0xefb36c3646f85c47!8m2!3d36.1435356!4d-86.8173066!16s%2Fg%2F1tfklxpr!19sChIJe9CDCq5mZIgRR1z4RjZss-8,
Outlaw Training Club,,johndoe@gmail.com,,"801 Rep. John Lewis Way S #101, Nashville, TN 37203",Personal Training,https://outlawtrainingclub.com/,,,Secretary of State Tre Hargett,https://www.google.com/maps/place/Outlaw+Training+Club/data=!4m7!3m6!1s0x8864679eeab7c6ab:0x7994f0d05c41b3d2!8m2!3d36.1515562!4d-86.7731368!16s%2Fg%2F11wnr1633v!19sChIJq8a36p5nZIgR0rNBXNDwlHk,
The Lab Training Studio,,thelabantioch@gmail.com,(615) 866-5940,"2625 Lakevilla Dr, Nashville, TN 37217",Personal Training,https://www.thelabtrainingstudio.online/,,,CUSTOMER SUPPORT,https://www.google.com/maps/place/The+Lab+Training+Studio/data=!4m7!3m6!1s0x88646d47d9fe8be1:0x72254edb7ad57b3d!8m2!3d36.0783443!4d-86.6409844!16s%2Fg%2F11tk8dp1wn!19sChIJ4Yv-2UdtZIgRPXvVettOJXI,
Trainbetr | Personal Training Greenhills,,user@domain.com,(615) 516-9508,"3710 Hillsboro Pike, Nashville, TN 37215",CrossFit,https://trainbetrnashville.com/greenhills-personal-training,,,Secretary of State Tre Hargett,https://www.google.com/maps/place/Trainbetr+%7C+Personal+Training+Greenhills/data=!4m7!3m6!1s0x886465dc905a20a9:0xb20a0fc3f9365c40!8m2!3d36.1096437!4d-86.8109521!16s%2Fg%2F11w1hhbs7y!19sChIJqSBakNxlZIgRQFw2-cMPCrI,
Body Sculpting Studio,,605a7baede844d278b89dc95ae0a9123@sentry-next.wixpress.com,(615) 297-9601,"4004 Hillsboro Pike Suite 214B, Nashville, TN 37215",Personal Training,https://www.bodysculptingstudio.com/,,,CUSTOMER SUPPORT,https://www.google.com/maps/place/Body+Sculpting+Studio/data=!4m7!3m6!1s0x88646470e2b00d8b:0x257fce5ce26462b3!8m2!3d36.1039806!4d-86.8149144!16s%2Fg%2F1v26mvk6!19sChIJiw2w4nBkZIgRs2Jk4lzOfyU,
Strength Sanctuary,,hi@typemade.mx,(615) 200-6565,"6115 Robertson Ave Suite 103, Nashville, TN 37209",Personal Training,https://strength-sanctuary.com/,,,CUSTOMER SUPPORT,https://www.google.com/maps/place/Strength+Sanctuary/data=!4m7!3m6!1s0x886461687ef19773:0x5bb268cf1ef4759e!8m2!3d36.1562602!4d-86.8703734!16s%2Fg%2F11jkvvnmw0!19sChIJc5fxfmhhZIgRnnX0Hs9osls,
"Physical Fitness Program Nashville, TN | Best You, LLC",,,(404) 368-8405,"1600 McGavock St #608, Nashville, TN 37203",Personal Training,https://www.nickcarrier.com/,,,Secretary of State Tre Hargett,"https://www.google.com/maps/place/Physical+Fitness+Program+Nashville,+TN+%7C+Best+You,+LLC/data=!4m7!3m6!1s0x8864669292155555:0x4caacea36f8e0d99!8m2!3d36.153238!4d-86.792921!16s%2Fg%2F11f5dyh7gz!19sChIJVVUVkpJmZIgRmQ2Ob6POqkw",
Marathon Fitness Co,,user@domain.com,(615) 566-6036,"491 B, Humphreys St, Nashville, TN 37203",Pilates,http://www.themarathonfitness.com/,,,Secretary of State Tre Hargett,https://www.google.com/maps/place/Marathon+Fitness+Co/data=!4m7!3m6!1s0x886466ef2e0f5fef:0x5919cc3b908367cc!8m2!3d36.1421035!4d-86.7712912!16s%2Fg%2F1tf2sz7m!19sChIJ718PLu9mZIgRzGeDkDvMGVk,
HOMEFIT East Nashville,,info@thehomefit.com,(855) 934-3834,"100 Taylor St C9, Nashville, TN 37208",Personal Training,https://www.thehomefit.com/east-nashville,,,Secretary of State Tre Hargett,https://www.google.com/maps/place/HOMEFIT+East+Nashville/data=!4m7!3m6!1s0x8d9e51ea813f4b4d:0xb7a5549d7ca02a40!8m2!3d36.180314!4d-86.78579!16s%2Fg%2F11kqny_0tf!19sChIJTUs_gepRno0RQCqgfJ1Upbc,
Full Ride Cycling,,info@fullridecycling.com,(615) 512-0222,"2227 10th Ave S, Nashville, TN 37204",Cycling,https://www.fullridecycling.com/,,,Secretary of State Tre Hargett,https://www.google.com/maps/place/Full+Ride+Cycling/data=!4m7!3m6!1s0x8864676a78c27e6f:0xf312b393ac85b9cd!8m2!3d36.1270744!4d-86.786394!16s%2Fg%2F11gsgb439p!19sChIJb37CeGpnZIgRzbmFrJOzEvM,
Cycle Haus Nashville,,605a7baede844d278b89dc95ae0a9123@sentry-next.wixpress.com,(629) 800-5980,"819 Main St, Nashville, TN 37206",Cycling,https://www.cyclehausnashville.com/,,,Secretary of State Tre Hargett,https://www.google.com/maps/place/Cycle+Haus+Nashville/data=!4m7!3m6!1s0x886467fbdaef8f99:0xf1a56414f9a02233!8m2!3d36.1762973!4d-86.7574021!16s%2Fg%2F11h_7w8bh3!19sChIJmY_v2vtnZIgRMyKg-RRkpfE,
CYCLEBAR,,westnash@cyclebar.com,(615) 727-8888,"3820 Charlotte Ave Suite 111, Nashville, TN 37209",Barre,https://cyclebar.com/location/west-nashville,,,CUSTOMER SUPPORT,https://www.google.com/maps/place/CYCLEBAR/data=!4m7!3m6!1s0x88646137095f9e21:0xf9b5546766ccd2e!8m2!3d36.1528128!4d-86.8318613!16s%2Fg%2F11h3btrpjk!19sChIJIZ5fCTdhZIgRLs1sdkZVmw8,
Crew Training Club,,info@crewtrainingclub.com,(615) 477-7498,"1008 Russell St, Nashville, TN 37206",Cycling,https://crewtrainingclub.com/,,,Secretary of State Tre Hargett,https://www.google.com/maps/place/Crew+Training+Club/data=!4m7!3m6!1s0x8864674b0be506d1:0xecb13fe51176183c!8m2!3d36.1757538!4d-86.7513904!16s%2Fg%2F11w1k_wt43!19sChIJ0QblC0tnZIgRPBh2EeU_sew,
BC Block,,team@bcblocknashville.com,,"513 Merritt Ave, Nashville, TN 37203",Pilates,http://www.bcblocknashville.com/,,,CUSTOMER SUPPORT,https://www.google.com/maps/place/BC+Block/data=!4m7!3m6!1s0x886467c8f8887335:0x265c96eb1ac4c2ba!8m2!3d36.1393434!4d-86.7676365!16s%2Fg%2F11gjkw94xx!19sChIJNXOI-MhnZIgRusLEGuuWXCY,
"HOTWORX - Nashville, TN - Midtown",,studio.tn0008@hotworx.net,(615) 866-9085,"1806 Chet Atkins Pl, Nashville, TN 37203",Yoga,https://www.hotworx.net/studio/nashville-midtown?utm_source=google&utm_medium=organic&utm_campaign=gbp,,,Secretary of State Tre Hargett,"https://www.google.com/maps/place/HOTWORX+-+Nashville,+TN+-+Midtown/data=!4m7!3m6!1s0x886467a8cc2288b1:0xa5a07236f124c887!8m2!3d36.1488044!4d-86.7950934!16s%2Fg%2F11fn71ytjp!19sChIJsYgizKhnZIgRh8gk8TZyoKU",
Barry's Nashville,,nashville@barrys.com,(615) 457-1571,"308 11th Ave S, Nashville, TN 37203",CrossFit,https://www.barrys.com/studio/nashville,,,Secretary of State Tre Hargett,https://www.google.com/maps/place/Barry%27s+Nashville/data=!4m7!3m6!1s0x8864662d7119a0a3:0x3523993a98647588!8m2!3d36.1534747!4d-86.7836747!16s%2Fg%2F12613g55x!19sChIJo6AZcS1mZIgRiHVkmDqZIzU,
QNTM Fit Life,,,(615) 942-9006,"114 George L Davis Blvd, Nashville, TN 37203",Gym,http://www.qntmfitlife.com/,,,Secretary of State Tre Hargett,https://www.google.com/maps/place/QNTM+Fit+Life/data=!4m7!3m6!1s0x886466f303aaba1f:0x801a2b94d985132!8m2!3d36.1570389!4d-86.7892032!16s%2Fg%2F11c37qfdq7!19sChIJH7qqA_NmZIgRMlGYTbmiAQg,
GetFit Anytime,,info@getfitanytime.com,(615) 642-2875,"2807 Biloxi Ave, Nashville, TN 37204",Gym,http://www.getfitanytime.com/,,,CUSTOMER SUPPORT,https://www.google.com/maps/place/GetFit+Anytime/data=!4m7!3m6!1s0x886465d143cd9507:0x4f35bd68c59be9de!8m2!3d36.1235776!4d-86.7738603!16s%2Fg%2F1tks7114!19sChIJB5XNQ9FlZIgR3umbxWi9NU8,
"Iron Tribe Fitness - Belmont - Gym, Personal Training",,,(629) 276-5590,"3201 Belmont Blvd, Nashville, TN 37212",CrossFit,https://irontribefitness.com/location/belmont/,,,Secretary of State Tre Hargett,"https://www.google.com/maps/place/Iron+Tribe+Fitness+-+Belmont+-+Gym,+Personal+Training/data=!4m7!3m6!1s0x8864643e98e818a1:0xf9010e4e1373dd54!8m2!3d36.1168608!4d-86.798109!16s%2Fg%2F1q5bmy041!19sChIJoRjomD5kZIgRVN1zE04OAfk",
Shed Group Fitness Belle Meade (Trader Joe's),,user@domain.com,(615) 593-2579,"Lionshead Shopping Center, 90 White Bridge Rd #90B, Nashville, TN 37205",Personal Training,http://www.shedgroupfitness.com/,,,Secretary of State Tre Hargett,https://www.google.com/maps/place/Shed+Group+Fitness+Belle+Meade+%28Trader+Joe%27s%29/data=!4m7!3m6!1s0x886463db4995ee01:0x5def54c7c866abe2!8m2!3d36.1307261!4d-86.852227!16s%2Fg%2F11b6p6prtk!19sChIJAe6VSdtjZIgR4qtmyMdU710,
Google Maps can't reach the internet,,,,,,,,,Secretary of State Tre Hargett,https://www.google.com/maps/place/Vigor+Fitness/data=!4m7!3m6!1s0x886461055c8af01d:0x2264080520ccedb5!8m2!3d36.1573084!4d-86.8686481!16s%2Fg%2F11vpcs4mrz!19sChIJHfCKXAVhZIgRte3MIAUIZCI,
Poe's Gym,,astigma@astigmatic.com,(615) 668-8760,"6100 Centennial Blvd, Nashville, TN 37209",CrossFit,http://www.poesgym.com/,,,Secretary of State Tre Hargett,https://www.google.com/maps/place/Poe%27s+Gym/data=!4m7!3m6!1s0x88646108a11323c5:0xfb1d00c57d2e34e5!8m2!3d36.1674085!4d-86.8584367!16s%2Fg%2F11bxf2b12f!19sChIJxSMToQhhZIgR5TQufcUAHfs,
Gym 5,,info@gym5.com,(615) 226-5559,"952 Main St, Nashville, TN 37206",Gym,http://www.gym5.com/,,,CUSTOMER SUPPORT,https://www.google.com/maps/place/Gym+5/data=!4m7!3m6!1s0x886467cd157e2629:0xe87dbeef11fe28c7!8m2!3d36.1771249!4d-86.7530614!16s%2Fg%2F1th0c54j!19sChIJKSZ-Fc1nZIgRxyj-Ee--feg,
Iconix Fitness Nashville,,iconix@iconixfit.com,(615) 528-1224,"950 Signal Xing, Nashville, TN 37203",Gym,https://www.iconixfit.com/nashville,,,Secretary of State Tre Hargett,https://www.google.com/maps/place/Iconix+Fitness+Nashville/data=!4m7!3m6!1s0x8864678b79e51661:0xcf4a4945f8b477df!8m2!3d36.1605385!4d-86.7852033!16s%2Fg%2F11mssl7d3f!19sChIJYRbleYtnZIgR33e0-EVJSs8,
Music City Muscle Gym,,,(615) 857-3131,"1801 12th Ave N, Nashville, TN 37208",CrossFit,https://www.musiccitymusclegym.com/,,,Secretary of State Tre Hargett,https://www.google.com/maps/place/Music+City+Muscle+Gym/data=!4m7!3m6!1s0x8864674d63f09ad1:0x6492e4319d919789!8m2!3d36.1806073!4d-86.807009!16s%2Fg%2F11sck3ssjw!19sChIJ0ZrwY01nZIgRiZeRnTHkkmQ,
Elevè Fitness,,elevefitnessnash@gmail.com,(615) 499-6119,"2000 Glen Echo Rd #107, Nashville, TN 37215",Personal Training,https://www.elevefitnessnash.com/?utm_source=google&utm_medium=wix_google_business_profile&utm_campaign=10407856129768302726,,,Secretary of State Tre Hargett,https://www.google.com/maps/place/Elev%C3%A8+Fitness/data=!4m7!3m6!1s0x8864656a0ac0322f:0x157e0dbd4f0298e3!8m2!3d36.1092018!4d-86.8104867!16s%2Fg%2F11xg00mj39!19sChIJLzLACmplZIgR45gCT70NfhU,
